"Day ","Items ","Note ","Amount "
"90","Salary Expense","Cash Payment - Salary Expense","26590"
"90","Shipping Expense","Cash Payment - Shipping Expense - WEB SO : 12756","246"
"90","Interest Expense ","Cash Payment - Interest - For Overdraft","3596"
"90","Depreciation Expense","Non-Cash Expense - Depreciation","3333"
"90","Rental Expense","Cash Payment - Rental - Miami","1200"
"90","Rental Expense","Cash Payment - Rental - Los Angeles","1620"
"90","Rental Expense","Cash Payment - Rental - Chicago","1600"
"90","Rental Expense","Cash Payment - Rental - New York","4020"
"89","Salary Expense","Cash Payment - Salary Expense","26540"
"89","Shipping Expense","Cash Payment - Shipping Expense - WEB SO : 12745","91"
"89","Shipping Expense","Cash Payment - Shipping Expense - WEB SO : 12750","115"
"89","Interest Expense ","Cash Payment - Interest - For Overdraft","3596"
"89","Depreciation Expense","Non-Cash Expense - Depreciation","6666"
"89","Rental Expense","Cash Payment - Rental - Miami","1200"
"89","Rental Expense","Cash Payment - Rental - Los Angeles","1620"
"89","Rental Expense","Cash Payment - Rental - Chicago","1600"
"89","Rental Expense","Cash Payment - Rental - New York","4020"
"88","Salary Expense","Cash Payment - Salary Expense","27418"
"88","Shipping Expense","Cash Payment - Shipping Expense - WEB SO : 12605","34"
"88","Shipping Expense","Cash Payment - Move Stock ID: 11865","20593"
"88","Interest Expense ","Cash Payment - Interest - For Overdraft","3082"
"88","Depreciation Expense","Non-Cash Expense - Depreciation","6666"
"88","Rental Expense","Cash Payment - Rental - Miami","1200"
"88","Rental Expense","Cash Payment - Rental - Los Angeles","1620"
"88","Rental Expense","Cash Payment - Rental - Chicago","1600"
"88","Rental Expense","Cash Payment - Rental - New York","4020"
"87","Salary Expense","Cash Payment - Salary Expense","27861"
"87","Shipping Expense","Cash Payment - Shipping Expense - WEB SO : 12455","121"
"87","Shipping Expense","Cash Payment - Move Stock ID: 11723","18860"
"87","Penalty Expense","Cash Payment - Late penalty - SRV SO ID: 9835","2200"
"87","Interest Expense ","Cash Payment - Interest - For Overdraft","3082"
"87","Depreciation Expense","Non-Cash Expense - Depreciation","6666"
"87","Rental Expense","Cash Payment - Rental - Miami","1200"
"87","Rental Expense","Cash Payment - Rental - Los Angeles","1620"
"87","Rental Expense","Cash Payment - Rental - Chicago","1600"
"87","Rental Expense","Cash Payment - Rental - New York","4020"
"86","Salary Expense","Cash Payment - Salary Expense","27838"
"86","Shipping Expense","Cash Payment - Shipping Expense - WEB SO : 12304","105"
"86","Maintenance Expense","Cash Payment - Maintenance periodic Machine ID: 333","15000"
"86","Maintenance Expense","Cash Payment - Maintenance periodic Machine ID: 345","15000"
"86","Interest Expense ","Cash Payment - Interest - For Overdraft","3082"
"86","Depreciation Expense","Non-Cash Expense - Depreciation","6666"
"86","Rental Expense","Cash Payment - Rental - Miami","1200"
"86","Rental Expense","Cash Payment - Rental - Los Angeles","1620"
"86","Rental Expense","Cash Payment - Rental - Chicago","1600"
"86","Rental Expense","Cash Payment - Rental - New York","4020"
"85","Salary Expense","Cash Payment - Salary Expense","27797"
"85","Interest Expense ","Cash Payment - Interest - For Overdraft","3082"
"85","Depreciation Expense","Non-Cash Expense - Depreciation","6666"
"85","Rental Expense","Cash Payment - Rental - Miami","1200"
"85","Rental Expense","Cash Payment - Rental - Los Angeles","1620"
"85","Rental Expense","Cash Payment - Rental - Chicago","1600"
"85","Rental Expense","Cash Payment - Rental - New York","4020"
"84","Salary Expense","Cash Payment - Salary Expense","28672"
"84","Shipping Expense","Cash Payment - Shipping Expense - WEB SO : 12020","111"
"84","Interest Expense ","Cash Payment - Interest - For Overdraft","3082"
"84","Depreciation Expense","Non-Cash Expense - Depreciation","6666"
"84","Rental Expense","Cash Payment - Rental - Miami","1200"
"84","Rental Expense","Cash Payment - Rental - Los Angeles","1620"
"84","Rental Expense","Cash Payment - Rental - Chicago","1600"
"84","Rental Expense","Cash Payment - Rental - New York","4020"
"83","Salary Expense","Cash Payment - Salary Expense","28672"
"83","Shipping Expense","Cash Payment - Shipping Expense - WEB SO : 11787","112"
"83","Interest Expense ","Cash Payment - Interest - For Overdraft","3082"
"83","Depreciation Expense","Non-Cash Expense - Depreciation","6666"
"83","Rental Expense","Cash Payment - Rental - Miami","1200"
"83","Rental Expense","Cash Payment - Rental - Los Angeles","1620"
"83","Rental Expense","Cash Payment - Rental - Chicago","1600"
"83","Rental Expense","Cash Payment - Rental - New York","4020"
"82","Human Resource Expense","Attended Training","15000"
"82","Salary Expense","Cash Payment - Salary Expense","28608"
"82","Shipping Expense","Cash Payment - Shipping Expense - WEB SO : 11589","238"
"82","Shipping Expense","Cash Payment - Shipping Expense - WEB SO : 11729","257"
"82","Interest Expense ","Cash Payment - Interest - For Overdraft","3082"
"82","Depreciation Expense","Non-Cash Expense - Depreciation","6666"
"82","Rental Expense","Cash Payment - Rental - Miami","1200"
"82","Rental Expense","Cash Payment - Rental - Los Angeles","1620"
"82","Rental Expense","Cash Payment - Rental - Chicago","1600"
"82","Rental Expense","Cash Payment - Rental - New York","4020"
"81","Salary Expense","Cash Payment - Salary Expense","28269"
"81","Shipping Expense","Cash Payment - Shipping Expense - WEB SO : 11568","93"
"81","Interest Expense ","Cash Payment - Interest - For Overdraft","3082"
"81","Depreciation Expense","Non-Cash Expense - Depreciation","6666"
"81","Rental Expense","Cash Payment - Rental - Miami","1200"
"81","Rental Expense","Cash Payment - Rental - Los Angeles","1620"
"81","Rental Expense","Cash Payment - Rental - Chicago","1600"
"81","Rental Expense","Cash Payment - Rental - New York","4020"
"80","Salary Expense","Cash Payment - Salary Expense","27544"
"80","Shipping Expense","Cash Payment - Shipping Expense - WEB SO : 11402","92"
"80","Shipping Expense","Cash Payment - Shipping Expense - WEB SO : 11431","172"
"80","Interest Expense ","Cash Payment - Interest - For Overdraft","3082"
"80","Depreciation Expense","Non-Cash Expense - Depreciation","6666"
"80","Rental Expense","Cash Payment - Rental - Miami","1200"
"80","Rental Expense","Cash Payment - Rental - Los Angeles","1620"
"80","Rental Expense","Cash Payment - Rental - Chicago","1600"
"80","Rental Expense","Cash Payment - Rental - New York","4020"
"79","Salary Expense","Cash Payment - Salary Expense","27475"
"79","Maintenance Expense","Cash Payment - Maintenance periodic Machine ID: 333","15000"
"79","Maintenance Expense","Cash Payment - Maintenance periodic Machine ID: 345","15000"
"79","Interest Expense ","Cash Payment - Interest - For Overdraft","3082"
"79","Depreciation Expense","Non-Cash Expense - Depreciation","6666"
"79","Rental Expense","Cash Payment - Rental - Miami","1200"
"79","Rental Expense","Cash Payment - Rental - Los Angeles","1620"
"79","Rental Expense","Cash Payment - Rental - Chicago","1600"
"79","Rental Expense","Cash Payment - Rental - New York","4020"
"78","Human Resource Expense","Attended Training","15000"
"78","Human Resource Expense","Attended Training","15000"
"78","Salary Expense","Cash Payment - Salary Expense","27457"
"78","Shipping Expense","Cash Payment - Shipping Expense - WEB SO : 10949","128"
"78","Shipping Expense","Cash Payment - Shipping Expense - WEB SO : 11101","114"
"78","Shipping Expense","Cash Payment - Shipping Expense - WEB SO : 11116","93"
"78","Interest Expense ","Cash Payment - Interest - For Overdraft","4110"
"78","Depreciation Expense","Non-Cash Expense - Depreciation","6666"
"78","Rental Expense","Cash Payment - Rental - Miami","1200"
"78","Rental Expense","Cash Payment - Rental - Los Angeles","1620"
"78","Rental Expense","Cash Payment - Rental - Chicago","1600"
"78","Rental Expense","Cash Payment - Rental - New York","4020"
"77","Salary Expense","Cash Payment - Salary Expense","27434"
"77","Shipping Expense","Cash Payment - Shipping Expense - WEB SO : 10625","36"
"77","Shipping Expense","Cash Payment - Shipping Expense - WEB SO : 10797","87"
"77","Shipping Expense","Cash Payment - Shipping Expense - WEB SO : 10944","18"
"77","Shipping Expense","Cash Payment - Shipping Expense - WEB SO : 10966","128"
"77","Shipping Expense","Cash Payment - Shipping Expense - WEB SO : 10968","49"
"77","Interest Expense ","Cash Payment - Interest - For Overdraft","4110"
"77","Depreciation Expense","Non-Cash Expense - Depreciation","6666"
"77","Rental Expense","Cash Payment - Rental - Miami","1200"
"77","Rental Expense","Cash Payment - Rental - Los Angeles","1620"
"77","Rental Expense","Cash Payment - Rental - Chicago","1600"
"77","Rental Expense","Cash Payment - Rental - New York","4020"
"76","Human Resource Expense","Cash Payment - Staff Recruiting","15000"
"76","Human Resource Expense","Cash Payment - Staff Recruiting","15000"
"76","Salary Expense","Cash Payment - Salary Expense","27880"
"76","Shipping Expense","Cash Payment - Shipping Expense - WEB SO : 10637","43"
"76","Shipping Expense","Cash Payment - Shipping Expense - WEB SO : 10645","45"
"76","Shipping Expense","Cash Payment - Shipping Expense - WEB SO : 10769","86"
"76","Interest Expense ","Cash Payment - Interest - For Overdraft","4110"
"76","Depreciation Expense","Non-Cash Expense - Depreciation","6666"
"76","Rental Expense","Cash Payment - Rental - Miami","1200"
"76","Rental Expense","Cash Payment - Rental - Los Angeles","1620"
"76","Rental Expense","Cash Payment - Rental - Chicago","1600"
"76","Rental Expense","Cash Payment - Rental - New York","4020"
"75","Human Resource Expense","Attended Training","15000"
"75","Human Resource Expense","Attended Training","15000"
"75","Human Resource Expense","Cash Payment - Staff Recruiting","15000"
"75","Salary Expense","Cash Payment - Salary Expense","27553"
"75","Shipping Expense","Cash Payment - Shipping Expense - WEB SO : 10491","82"
"75","Shipping Expense","Cash Payment - Shipping Expense - WEB SO : 10626","121"
"75","Interest Expense ","Cash Payment - Interest - For Overdraft","4110"
"75","Depreciation Expense","Non-Cash Expense - Depreciation","6666"
"75","Rental Expense","Cash Payment - Rental - Miami","1200"
"75","Rental Expense","Cash Payment - Rental - Los Angeles","1620"
"75","Rental Expense","Cash Payment - Rental - Chicago","1600"
"75","Rental Expense","Cash Payment - Rental - New York","4020"
"74","Salary Expense","Cash Payment - Salary Expense","27161"
"74","Shipping Expense","Cash Payment - Shipping Expense - WEB SO : 10321","99"
"74","Shipping Expense","Cash Payment - Shipping Expense - WEB SO : 10467","55"
"74","Shipping Expense","Cash Payment - Shipping Expense - WEB SO : 10477","212"
"74","Shipping Expense","Cash Payment - Move Stock ID: 10451","402400"
"74","Interest Expense ","Cash Payment - Interest - For Overdraft","4110"
"74","Depreciation Expense","Non-Cash Expense - Depreciation","6666"
"74","Rental Expense","Cash Payment - Rental - Miami","1200"
"74","Rental Expense","Cash Payment - Rental - Los Angeles","1620"
"74","Rental Expense","Cash Payment - Rental - Chicago","1600"
"74","Rental Expense","Cash Payment - Rental - New York","4020"
"73","Salary Expense","Cash Payment - Salary Expense","27586"
"73","Shipping Expense","Cash Payment - Shipping Expense - WEB SO : 10157","50"
"73","Shipping Expense","Cash Payment - Shipping Expense - WEB SO : 10298","67"
"73","Interest Expense ","Cash Payment - Interest - For Overdraft","4110"
"73","Depreciation Expense","Non-Cash Expense - Depreciation","6666"
"73","Rental Expense","Cash Payment - Rental - Miami","1200"
"73","Rental Expense","Cash Payment - Rental - Los Angeles","1620"
"73","Rental Expense","Cash Payment - Rental - Chicago","1600"
"73","Rental Expense","Cash Payment - Rental - New York","4020"
"72","Salary Expense","Cash Payment - Salary Expense","28016"
"72","Shipping Expense","Cash Payment - Shipping Expense - WEB SO : 10139","25"
"72","Shipping Expense","Cash Payment - Shipping Expense - WEB SO : 10144","68"
"72","Shipping Expense","Cash Payment - Shipping Expense - WEB SO : 10156","63"
"72","Shipping Expense","Cash Payment - Shipping Expense - WEB SO : 10165","90"
"72","Maintenance Expense","Cash Payment - Maintenance periodic Machine ID: 333","15000"
"72","Maintenance Expense","Cash Payment - Maintenance periodic Machine ID: 345","15000"
"72","Interest Expense ","Cash Payment - Interest - For Overdraft","4110"
"72","Depreciation Expense","Non-Cash Expense - Depreciation","6666"
"72","Rental Expense","Cash Payment - Rental - Miami","1200"
"72","Rental Expense","Cash Payment - Rental - Los Angeles","1620"
"72","Rental Expense","Cash Payment - Rental - Chicago","1600"
"72","Overflow Expense - Retail","Cash Payment - Overflow Fee  - New York","350"
"72","Rental Expense","Cash Payment - Rental - New York","4020"
"71","Salary Expense","Cash Payment - Salary Expense","27657"
"71","Interest Expense ","Cash Payment - Interest - For Overdraft","4110"
"71","Depreciation Expense","Non-Cash Expense - Depreciation","6666"
"71","Rental Expense","Cash Payment - Rental - Miami","1200"
"71","Rental Expense","Cash Payment - Rental - Los Angeles","1620"
"71","Rental Expense","Cash Payment - Rental - Chicago","1600"
"71","Overflow Expense - Retail","Cash Payment - Overflow Fee  - New York","980"
"71","Rental Expense","Cash Payment - Rental - New York","4020"
"70","Salary Expense","Cash Payment - Salary Expense","27335"
"70","Shipping Expense","Cash Payment - Shipping Expense - WEB SO : 9680","22"
"70","Interest Expense ","Cash Payment - Interest - For Overdraft","4110"
"70","Depreciation Expense","Non-Cash Expense - Depreciation","6666"
"70","Rental Expense","Cash Payment - Rental - Miami","1200"
"70","Rental Expense","Cash Payment - Rental - Los Angeles","1620"
"70","Rental Expense","Cash Payment - Rental - Chicago","1600"
"70","Overflow Expense - Retail","Cash Payment - Overflow Fee  - New York","1610"
"70","Rental Expense","Cash Payment - Rental - New York","4020"
"69","Human Resource Expense","Cash Payment - Staff Recruiting - Production","15000"
"69","Salary Expense","Cash Payment - Salary Expense","27269"
"69","Interest Expense ","Cash Payment - Interest - For Overdraft","4110"
"69","Depreciation Expense","Non-Cash Expense - Depreciation","11666"
"69","Rental Expense","Cash Payment - Rental - Miami","1200"
"69","Rental Expense","Cash Payment - Rental - Los Angeles","1620"
"69","Rental Expense","Cash Payment - Rental - Chicago","1600"
"69","Overflow Expense - Retail","Cash Payment - Overflow Fee  - New York","2170"
"69","Rental Expense","Cash Payment - Rental - New York","4020"
"68","Salary Expense","Cash Payment - Salary Expense","26919"
"68","Shipping Expense","Cash Payment - Shipping Expense - WEB SO : 9381","82"
"68","Shipping Expense","Cash Payment - Move Stock ID: 9376","41185"
"68","Interest Expense ","Cash Payment - Interest - For Overdraft","4110"
"68","Depreciation Expense","Non-Cash Expense - Depreciation","8333"
"68","Rental Expense","Cash Payment - Rental - Miami","1200"
"68","Rental Expense","Cash Payment - Rental - Los Angeles","1620"
"68","Rental Expense","Cash Payment - Rental - Chicago","1600"
"68","Overflow Expense - Retail","Cash Payment - Overflow Fee  - New York","2940"
"68","Rental Expense","Cash Payment - Rental - New York","4020"
"67","Salary Expense","Cash Payment - Salary Expense","26897"
"67","Shipping Expense","Cash Payment - Shipping Expense - WEB SO : 9370","38"
"67","Interest Expense ","Cash Payment - Interest - For Overdraft","4110"
"67","Depreciation Expense","Non-Cash Expense - Depreciation","8333"
"67","Rental Expense","Cash Payment - Rental - Miami","1200"
"67","Rental Expense","Cash Payment - Rental - Los Angeles","1620"
"67","Rental Expense","Cash Payment - Rental - Chicago","1600"
"67","Rental Expense","Cash Payment - Rental - New York","4020"
"66","Salary Expense","Cash Payment - Salary Expense","26876"
"66","Shipping Expense","Cash Payment - Shipping Expense - WEB SO : 9215","23"
"66","Interest Expense ","Cash Payment - Interest - For Overdraft","4110"
"66","Depreciation Expense","Non-Cash Expense - Depreciation","8333"
"66","Rental Expense","Cash Payment - Rental - Miami","1200"
"66","Rental Expense","Cash Payment - Rental - Los Angeles","1620"
"66","Rental Expense","Cash Payment - Rental - Chicago","1600"
"66","Rental Expense","Cash Payment - Rental - New York","4020"
"65","Salary Expense","Cash Payment - Salary Expense","26855"
"65","Shipping Expense","Cash Payment - Shipping Expense - WEB SO : 8284","94"
"65","Shipping Expense","Cash Payment - Shipping Expense - WEB SO : 8441","60"
"65","Shipping Expense","Cash Payment - Shipping Expense - WEB SO : 8756","57"
"65","Shipping Expense","Cash Payment - Shipping Expense - WEB SO : 8812","41"
"65","Maintenance Expense","Cash Payment - Maintenance periodic Machine ID: 333","15000"
"65","Interest Expense ","Cash Payment - Interest - For Overdraft","4110"
"65","Depreciation Expense","Non-Cash Expense - Depreciation","8333"
"65","Rental Expense","Cash Payment - Rental - Miami","1200"
"65","Rental Expense","Cash Payment - Rental - Los Angeles","1620"
"65","Rental Expense","Cash Payment - Rental - Chicago","1600"
"65","Rental Expense","Cash Payment - Rental - New York","4020"
"64","Human Resource Expense","Counselled","2000"
"64","Salary Expense","Cash Payment - Salary Expense","26795"
"64","Shipping Expense","Cash Payment - Shipping Expense - WEB SO : 7940","14"
"64","Shipping Expense","Cash Payment - Shipping Expense - WEB SO : 8444","8"
"64","Shipping Expense","Cash Payment - Shipping Expense - WEB SO : 8760","104"
"64","Shipping Expense","Cash Payment - Shipping Expense - WEB SO : 8901","16"
"64","Interest Expense ","Cash Payment - Interest - For Overdraft","4110"
"64","Depreciation Expense","Non-Cash Expense - Depreciation","8333"
"64","Rental Expense","Cash Payment - Rental - Miami","1200"
"64","Rental Expense","Cash Payment - Rental - Los Angeles","1620"
"64","Rental Expense","Cash Payment - Rental - Chicago","1600"
"64","Rental Expense","Cash Payment - Rental - New York","4020"
"63","Human Resource Expense","Cash Payment - Staff Recruiting","15000"
"63","Human Resource Expense","Counselled","2000"
"63","Human Resource Expense","Attended Training","15000"
"63","Salary Expense","Cash Payment - Salary Expense","26795"
"63","Shipping Expense","Cash Payment - Move Stock ID: 7369","25686"
"63","Interest Expense ","Cash Payment - Interest - For Overdraft","4110"
"63","Depreciation Expense","Non-Cash Expense - Depreciation","8333"
"63","Rental Expense","Cash Payment - Rental - Miami","1200"
"63","Rental Expense","Cash Payment - Rental - Los Angeles","1620"
"63","Rental Expense","Cash Payment - Rental - Chicago","1600"
"63","Rental Expense","Cash Payment - Rental - New York","4020"
"62","Salary Expense","Cash Payment - Salary Expense","26332"
"62","Shipping Expense","Cash Payment - Move Stock ID: 8272","907886"
"62","Shipping Expense","Cash Payment - Move Stock ID: 8593","77478"
"62","Interest Expense ","Cash Payment - Interest - For Overdraft","4110"
"62","Depreciation Expense","Non-Cash Expense - Depreciation","8333"
"62","Rental Expense","Cash Payment - Rental - Miami","1200"
"62","Rental Expense","Cash Payment - Rental - Los Angeles","1620"
"62","Rental Expense","Cash Payment - Rental - Chicago","1600"
"62","Rental Expense","Cash Payment - Rental - New York","4020"
"61","Salary Expense","Cash Payment - Salary Expense","25988"
"61","Shipping Expense","Cash Payment - Shipping Expense - WEB SO : 8264","9"
"61","Interest Expense ","Cash Payment - Interest - For Overdraft","2568"
"61","Depreciation Expense","Non-Cash Expense - Depreciation","8333"
"61","Rental Expense","Cash Payment - Rental - Miami","1200"
"61","Rental Expense","Cash Payment - Rental - Los Angeles","1620"
"61","Rental Expense","Cash Payment - Rental - Chicago","2400"
"61","Rental Expense","Cash Payment - Rental - New York","4020"
"60","Salary Expense","Cash Payment - Salary Expense","25310"
"60","Interest Expense ","Cash Payment - Interest - For Overdraft","2568"
"60","Depreciation Expense","Non-Cash Expense - Depreciation","8333"
"60","Rental Expense","Cash Payment - Rental - Miami","1200"
"60","Rental Expense","Cash Payment - Rental - Los Angeles","1620"
"60","Rental Expense","Cash Payment - Rental - Chicago","2400"
"60","Rental Expense","Cash Payment - Rental - New York","4020"
"59","Human Resource Expense","Counselled","2000"
"59","Human Resource Expense","Counselled","2000"
"59","Human Resource Expense","Counselled","2000"
"59","Salary Expense","Cash Payment - Salary Expense","25247"
"59","Shipping Expense","Cash Payment - Shipping Expense - WEB SO : 8113","31"
"59","Interest Expense ","Cash Payment - Interest - For Overdraft","2568"
"59","Depreciation Expense","Non-Cash Expense - Depreciation","8333"
"59","Rental Expense","Cash Payment - Rental - Miami","1200"
"59","Rental Expense","Cash Payment - Rental - Los Angeles","1620"
"59","Rental Expense","Cash Payment - Rental - Chicago","2400"
"59","Rental Expense","Cash Payment - Rental - New York","4020"
"58","Salary Expense","Cash Payment - Salary Expense","25247"
"58","Maintenance Expense","Cash Payment - Maintenance periodic Machine ID: 333","15000"
"58","Interest Expense ","Cash Payment - Interest - For Overdraft","2568"
"58","Depreciation Expense","Non-Cash Expense - Depreciation","8333"
"58","Rental Expense","Cash Payment - Rental - Miami","1200"
"58","Rental Expense","Cash Payment - Rental - Los Angeles","1620"
"58","Rental Expense","Cash Payment - Rental - Chicago","2400"
"58","Rental Expense","Cash Payment - Rental - New York","4020"
"57","Salary Expense","Cash Payment - Salary Expense","25226"
"57","Shipping Expense","Cash Payment - Shipping Expense - WEB SO : 7520","187"
"57","Shipping Expense","Cash Payment - Shipping Expense - WEB SO : 7806","26"
"57","Interest Expense ","Cash Payment - Interest - For Overdraft","2568"
"57","Depreciation Expense","Non-Cash Expense - Depreciation","8333"
"57","Rental Expense","Cash Payment - Rental - Miami","1200"
"57","Rental Expense","Cash Payment - Rental - Los Angeles","1620"
"57","Rental Expense","Cash Payment - Rental - Chicago","2400"
"57","Rental Expense","Cash Payment - Rental - New York","4020"
"56","Salary Expense","Cash Payment - Salary Expense","25206"
"56","Interest Expense ","Cash Payment - Interest - For Overdraft","3596"
"56","Depreciation Expense","Non-Cash Expense - Depreciation","8333"
"56","Rental Expense","Cash Payment - Rental - Miami","1200"
"56","Rental Expense","Cash Payment - Rental - Los Angeles","1620"
"56","Rental Expense","Cash Payment - Rental - Chicago","2400"
"56","Rental Expense","Cash Payment - Rental - New York","4020"
"55","Human Resource Expense","Cash Payment - Staff Recruiting","15000"
"55","Salary Expense","Cash Payment - Salary Expense","25186"
"55","Shipping Expense","Cash Payment - Shipping Expense - WEB SO : 7378","9"
"55","Interest Expense ","Cash Payment - Interest - For Overdraft","3596"
"55","Depreciation Expense","Non-Cash Expense - Depreciation","8333"
"55","Rental Expense","Cash Payment - Rental - Miami","1200"
"55","Rental Expense","Cash Payment - Rental - Los Angeles","1620"
"55","Rental Expense","Cash Payment - Rental - Chicago","2400"
"55","Rental Expense","Cash Payment - Rental - New York","4020"
"54","Human Resource Expense","Counselled","2000"
"54","Human Resource Expense","Attended Training","15000"
"54","Salary Expense","Cash Payment - Salary Expense","24743"
"54","Shipping Expense","Cash Payment - Shipping Expense - WEB SO : 7289","173"
"54","Shipping Expense","Cash Payment - Shipping Expense - WEB SO : 7349","6"
"54","Shipping Expense","Cash Payment - Shipping Expense - WEB SO : 7363","184"
"54","Interest Expense ","Cash Payment - Interest - For Overdraft","3596"
"54","Depreciation Expense","Non-Cash Expense - Depreciation","8333"
"54","Rental Expense","Cash Payment - Rental - Miami","1200"
"54","Rental Expense","Cash Payment - Rental - Los Angeles","1620"
"54","Rental Expense","Cash Payment - Rental - Chicago","2400"
"54","Overflow Expense - Retail","Cash Payment - Overflow Fee  - New York","560"
"54","Rental Expense","Cash Payment - Rental - New York","4020"
"53","Human Resource Expense","Cash Payment - Staff Recruiting","15000"
"53","Salary Expense","Cash Payment - Salary Expense","25093"
"53","Shipping Expense","Cash Payment - Shipping Expense - WEB SO : 7216","33"
"53","Interest Expense ","Cash Payment - Interest - For Overdraft","3082"
"53","Depreciation Expense","Non-Cash Expense - Depreciation","8333"
"53","Rental Expense","Cash Payment - Rental - Miami","1200"
"53","Rental Expense","Cash Payment - Rental - Los Angeles","1620"
"53","Rental Expense","Cash Payment - Rental - Chicago","2400"
"53","Overflow Expense - Retail","Cash Payment - Overflow Fee  - New York","910"
"53","Rental Expense","Cash Payment - Rental - New York","4020"
"52","Human Resource Expense","Cash Payment - Staff Recruiting","15000"
"52","Human Resource Expense","Cash Payment - Staff Recruiting","15000"
"52","Human Resource Expense","Cash Payment - Staff Recruiting","15000"
"52","Human Resource Expense","Cash Payment - Staff Recruiting","15000"
"52","Salary Expense","Cash Payment - Salary Expense","24670"
"52","Interest Expense ","Cash Payment - Interest - For Overdraft","3082"
"52","Depreciation Expense","Non-Cash Expense - Depreciation","8333"
"52","Rental Expense","Cash Payment - Rental - Miami","1200"
"52","Rental Expense","Cash Payment - Rental - Los Angeles","1620"
"52","Rental Expense","Cash Payment - Rental - Chicago","2400"
"52","Overflow Expense - Retail","Cash Payment - Overflow Fee  - New York","1120"
"52","Rental Expense","Cash Payment - Rental - New York","4020"
"51","Human Resource Expense","Cash Payment - Staff Recruiting","15000"
"51","Salary Expense","Cash Payment - Salary Expense","22813"
"51","Maintenance Expense","Cash Payment - Maintenance periodic Machine ID: 333","15000"
"51","Interest Expense ","Cash Payment - Interest - For Overdraft","4110"
"51","Depreciation Expense","Non-Cash Expense - Depreciation","8333"
"51","Rental Expense","Cash Payment - Rental - Miami","1200"
"51","Rental Expense","Cash Payment - Rental - Los Angeles","1620"
"51","Rental Expense","Cash Payment - Rental - Chicago","2400"
"51","Overflow Expense - Retail","Cash Payment - Overflow Fee  - New York","1540"
"51","Rental Expense","Cash Payment - Rental - New York","4020"
"50","Human Resource Expense","Attended Training","15000"
"50","Human Resource Expense","Cash Payment - Staff Recruiting","15000"
"50","Salary Expense","Cash Payment - Salary Expense","21833"
"50","Shipping Expense","Cash Payment - Move Stock ID: 6742","349500"
"50","Interest Expense ","Cash Payment - Interest - For Overdraft","4110"
"50","Depreciation Expense","Non-Cash Expense - Depreciation","8333"
"50","Rental Expense","Cash Payment - Rental - Miami","1200"
"50","Rental Expense","Cash Payment - Rental - Los Angeles","1620"
"50","Rental Expense","Cash Payment - Rental - Chicago","2400"
"50","Overflow Expense - Retail","Cash Payment - Overflow Fee  - New York","1890"
"50","Rental Expense","Cash Payment - Rental - New York","4020"
"49","Salary Expense","Cash Payment - Salary Expense","21368"
"49","Shipping Expense","Cash Payment - Shipping Expense - WEB SO : 6448","118"
"49","Shipping Expense","Cash Payment - Shipping Expense - WEB SO : 6452","152"
"49","Interest Expense ","Cash Payment - Interest - For Overdraft","3532"
"49","Depreciation Expense","Non-Cash Expense - Depreciation","8333"
"49","Rental Expense","Cash Payment - Rental - Miami","1200"
"49","Rental Expense","Cash Payment - Rental - Los Angeles","1620"
"49","Rental Expense","Cash Payment - Rental - Chicago","2400"
"49","Overflow Expense - Retail","Cash Payment - Overflow Fee  - New York","2310"
"49","Rental Expense","Cash Payment - Rental - New York","4020"
"48","Salary Expense","Cash Payment - Salary Expense","21754"
"48","Shipping Expense","Cash Payment - Shipping Expense - WEB SO : 6317","25"
"48","Shipping Expense","Cash Payment - Shipping Expense - WEB SO : 6441","8"
"48","Shipping Expense","Cash Payment - Shipping Expense - WEB SO : 6453","113"
"48","Interest Expense ","Cash Payment - Interest - For Overdraft","1798"
"48","Depreciation Expense","Non-Cash Expense - Depreciation","8333"
"48","Rental Expense","Cash Payment - Rental - Miami","1200"
"48","Rental Expense","Cash Payment - Rental - Los Angeles","1620"
"48","Rental Expense","Cash Payment - Rental - Chicago","2400"
"48","Rental Expense","Cash Payment - Rental - New York","4020"
"47","Human Resource Expense","Cash Payment - Staff Recruiting","15000"
"47","Human Resource Expense","Cash Payment - Staff Recruiting","15000"
"47","Salary Expense","Cash Payment - Salary Expense","21734"
"47","Shipping Expense","Cash Payment - Shipping Expense - WEB SO : 5998","13"
"47","Shipping Expense","Cash Payment - Shipping Expense - WEB SO : 6298","16"
"47","Shipping Expense","Cash Payment - Shipping Expense - WEB SO : 6308","12"
"47","Interest Expense ","Cash Payment - Interest - For Overdraft","1798"
"47","Depreciation Expense","Non-Cash Expense - Depreciation","8333"
"47","Rental Expense","Cash Payment - Rental - Miami","1200"
"47","Rental Expense","Cash Payment - Rental - Los Angeles","1620"
"47","Rental Expense","Cash Payment - Rental - Chicago","2400"
"47","Rental Expense","Cash Payment - Rental - New York","4020"
"46","Human Resource Expense","Cash Payment - Staff Recruiting","15000"
"46","Salary Expense","Cash Payment - Salary Expense","21404"
"46","Interest Expense ","Cash Payment - Interest - For Overdraft","1798"
"46","Depreciation Expense","Non-Cash Expense - Depreciation","8333"
"46","Rental Expense","Cash Payment - Rental - Miami","1200"
"46","Rental Expense","Cash Payment - Rental - Los Angeles","1620"
"46","Rental Expense","Cash Payment - Rental - Chicago","2400"
"46","Rental Expense","Cash Payment - Rental - New York","4020"
"45","Salary Expense","Cash Payment - Salary Expense","21849"
"45","Interest Expense ","Cash Payment - Interest - For Overdraft","2825"
"45","Depreciation Expense","Non-Cash Expense - Depreciation","8333"
"45","Rental Expense","Cash Payment - Rental - Miami","1200"
"45","Rental Expense","Cash Payment - Rental - Los Angeles","1620"
"45","Rental Expense","Cash Payment - Rental - Chicago","2400"
"45","Rental Expense","Cash Payment - Rental - New York","4020"
"44","Human Resource Expense","Counselled","2000"
"44","Salary Expense","Cash Payment - Salary Expense","22219"
"44","Shipping Expense","Cash Payment - Shipping Expense - WEB SO : 5872","106"
"44","Interest Expense ","Cash Payment - Interest - For Overdraft","3853"
"44","Depreciation Expense","Non-Cash Expense - Depreciation","8333"
"44","Rental Expense","Cash Payment - Rental - Miami","1200"
"44","Rental Expense","Cash Payment - Rental - Los Angeles","1620"
"44","Rental Expense","Cash Payment - Rental - Chicago","2400"
"44","Rental Expense","Cash Payment - Rental - New York","4020"
"43","Human Resource Expense","Cash Payment - Staff Recruiting - Production","15000"
"43","Salary Expense","Cash Payment - Salary Expense","23010"
"43","Shipping Expense","Cash Payment - Shipping Expense - WEB SO : 5717","165"
"43","Interest Expense ","Cash Payment - Interest - For Overdraft","3596"
"43","Depreciation Expense","Non-Cash Expense - Depreciation","8333"
"43","Rental Expense","Cash Payment - Rental - Miami","1200"
"43","Rental Expense","Cash Payment - Rental - Los Angeles","1620"
"43","Rental Expense","Cash Payment - Rental - Chicago","2400"
"43","Rental Expense","Cash Payment - Rental - New York","4020"
"42","Salary Expense","Cash Payment - Salary Expense","22640"
"42","Shipping Expense","Cash Payment - Shipping Expense - WEB SO : 5424","190"
"42","Shipping Expense","Cash Payment - Shipping Expense - WEB SO : 5429","88"
"42","Shipping Expense","Cash Payment - Shipping Expense - WEB SO : 5433","71"
"42","Interest Expense ","Cash Payment - Interest - For Overdraft","3596"
"42","Depreciation Expense","Non-Cash Expense - Depreciation","5000"
"42","Rental Expense","Cash Payment - Rental - Miami","1200"
"42","Rental Expense","Cash Payment - Rental - Los Angeles","1620"
"42","Rental Expense","Cash Payment - Rental - Chicago","2400"
"42","Rental Expense","Cash Payment - Rental - New York","4020"
"41","Salary Expense","Cash Payment - Salary Expense","22360"
"41","Interest Expense ","Cash Payment - Interest - For Overdraft","3596"
"41","Depreciation Expense","Non-Cash Expense - Depreciation","5000"
"41","Rental Expense","Cash Payment - Rental - Miami","1200"
"41","Rental Expense","Cash Payment - Rental - Los Angeles","1620"
"41","Rental Expense","Cash Payment - Rental - Chicago","2400"
"41","Rental Expense","Cash Payment - Rental - New York","4020"
"40","Salary Expense","Cash Payment - Salary Expense","21740"
"40","Interest Expense ","Cash Payment - Interest - For Overdraft","3596"
"40","Depreciation Expense","Non-Cash Expense - Depreciation","5000"
"40","Rental Expense","Cash Payment - Rental - Miami","1200"
"40","Rental Expense","Cash Payment - Rental - Los Angeles","1620"
"40","Rental Expense","Cash Payment - Rental - Chicago","2400"
"40","Rental Expense","Cash Payment - Rental - New York","4020"
"39","Salary Expense","Cash Payment - Salary Expense","21702"
"39","Shipping Expense","Cash Payment - Shipping Expense - WEB SO : 4844","6"
"39","Interest Expense ","Cash Payment - Interest - For Overdraft","3596"
"39","Depreciation Expense","Non-Cash Expense - Depreciation","5000"
"39","Rental Expense","Cash Payment - Rental - Miami","1200"
"39","Rental Expense","Cash Payment - Rental - Los Angeles","1620"
"39","Rental Expense","Cash Payment - Rental - Chicago","2400"
"39","Rental Expense","Cash Payment - Rental - New York","4020"
"38","Salary Expense","Cash Payment - Salary Expense","21702"
"38","Interest Expense ","Cash Payment - Interest - For Overdraft","3082"
"38","Depreciation Expense","Non-Cash Expense - Depreciation","5000"
"38","Rental Expense","Cash Payment - Rental - Miami","1200"
"38","Rental Expense","Cash Payment - Rental - Los Angeles","1620"
"38","Rental Expense","Cash Payment - Rental - Chicago","2400"
"38","Rental Expense","Cash Payment - Rental - New York","4020"
"37","Salary Expense","Cash Payment - Salary Expense","21683"
"37","Penalty Expense","Cash Payment - Late penalty - B2B SO ID: 1389","128000"
"37","Shipping Expense","Cash Payment - Shipping Expense - WEB SO : 4710","105"
"37","Shipping Expense","Cash Payment - Shipping Expense - WEB SO : 4843","131"
"37","Shipping Expense","Cash Payment - Shipping Expense - WEB SO : 4859","87"
"37","Interest Expense ","Cash Payment - Interest - For Overdraft","3082"
"37","Depreciation Expense","Non-Cash Expense - Depreciation","5000"
"37","Rental Expense","Cash Payment - Rental - Miami","1200"
"37","Rental Expense","Cash Payment - Rental - Los Angeles","1620"
"37","Rental Expense","Cash Payment - Rental - Chicago","2400"
"37","Rental Expense","Cash Payment - Rental - New York","4020"
"36","Human Resource Expense","Cash Payment - Staff Recruiting","15000"
"36","Salary Expense","Cash Payment - Salary Expense","21683"
"36","Shipping Expense","Cash Payment - Shipping Expense - WEB SO : 4528","8"
"36","Interest Expense ","Cash Payment - Interest - For Overdraft","4110"
"36","Depreciation Expense","Non-Cash Expense - Depreciation","5000"
"36","Rental Expense","Cash Payment - Rental - Miami","1200"
"36","Rental Expense","Cash Payment - Rental - Los Angeles","1620"
"36","Rental Expense","Cash Payment - Rental - Chicago","2400"
"36","Rental Expense","Cash Payment - Rental - New York","4020"
"35","Human Resource Expense","Cash Payment - Staff Recruiting","15000"
"35","Human Resource Expense","Cash Payment - Staff Recruiting","15000"
"35","Salary Expense","Cash Payment - Salary Expense","21702"
"35","Shipping Expense","Cash Payment - Shipping Expense - WEB SO : 4369","13"
"35","Shipping Expense","Cash Payment - Shipping Expense - WEB SO : 4377","11"
"35","Shipping Expense","Cash Payment - Shipping Expense - WEB SO : 4388","13"
"35","Shipping Expense","Cash Payment - Shipping Expense - WEB SO : 4391","15"
"35","Shipping Expense","Cash Payment - Shipping Expense - WEB SO : 4397","8"
"35","Interest Expense ","Cash Payment - Interest - For Overdraft","4110"
"35","Depreciation Expense","Non-Cash Expense - Depreciation","5000"
"35","Rental Expense","Cash Payment - Rental - Miami","1200"
"35","Rental Expense","Cash Payment - Rental - Los Angeles","1620"
"35","Rental Expense","Cash Payment - Rental - Chicago","2400"
"35","Rental Expense","Cash Payment - Rental - New York","4020"
"34","Salary Expense","Cash Payment - Salary Expense","20911"
"34","Shipping Expense","Cash Payment - Shipping Expense - WEB SO : 4225","112"
"34","Shipping Expense","Cash Payment - Shipping Expense - WEB SO : 4361","8"
"34","Shipping Expense","Cash Payment - Shipping Expense - WEB SO : 4367","169"
"34","Interest Expense ","Cash Payment - Interest - For Overdraft","4110"
"34","Depreciation Expense","Non-Cash Expense - Depreciation","5000"
"34","Rental Expense","Cash Payment - Rental - Miami","1200"
"34","Rental Expense","Cash Payment - Rental - Los Angeles","1620"
"34","Rental Expense","Cash Payment - Rental - Chicago","2400"
"34","Rental Expense","Cash Payment - Rental - New York","4020"
"33","Human Resource Expense","Cash Payment - Staff Recruiting","15000"
"33","Salary Expense","Cash Payment - Salary Expense","21316"
"33","Shipping Expense","Cash Payment - Shipping Expense - WEB SO : 4055","25"
"33","Shipping Expense","Cash Payment - Shipping Expense - WEB SO : 4063","76"
"33","Shipping Expense","Cash Payment - Shipping Expense - WEB SO : 4209","157"
"33","Interest Expense ","Cash Payment - Interest - For Overdraft","4110"
"33","Depreciation Expense","Non-Cash Expense - Depreciation","5000"
"33","Rental Expense","Cash Payment - Rental - Miami","1200"
"33","Rental Expense","Cash Payment - Rental - Los Angeles","1620"
"33","Rental Expense","Cash Payment - Rental - Chicago","2400"
"33","Rental Expense","Cash Payment - Rental - New York","4020"
"32","Human Resource Expense","Attended Training","15000"
"32","Human Resource Expense","Counselled","2000"
"32","Salary Expense","Cash Payment - Salary Expense","21261"
"32","Shipping Expense","Cash Payment - Shipping Expense - WEB SO : 4039","293"
"32","Shipping Expense","Cash Payment - Shipping Expense - WEB SO : 4048","261"
"32","Interest Expense ","Cash Payment - Interest - For Overdraft","4110"
"32","Depreciation Expense","Non-Cash Expense - Depreciation","5000"
"32","Rental Expense","Cash Payment - Rental - Miami","1200"
"32","Rental Expense","Cash Payment - Rental - Los Angeles","1620"
"32","Rental Expense","Cash Payment - Rental - Chicago","2400"
"32","Rental Expense","Cash Payment - Rental - New York","4020"
"31","Salary Expense","Cash Payment - Salary Expense","21767"
"31","Shipping Expense","Cash Payment - Shipping Expense - WEB SO : 3729","269"
"31","Interest Expense ","Cash Payment - Interest - For Overdraft","4110"
"31","Depreciation Expense","Non-Cash Expense - Depreciation","5000"
"31","Rental Expense","Cash Payment - Rental - Miami","1200"
"31","Rental Expense","Cash Payment - Rental - Los Angeles","1620"
"31","Rental Expense","Cash Payment - Rental - Chicago","2400"
"31","Rental Expense","Cash Payment - Rental - New York","4020"
"30","Salary Expense","Cash Payment - Salary Expense","21140"
"30","Shipping Expense","Cash Payment - Shipping Expense - WEB SO : 3707","99"
"30","Shipping Expense","Cash Payment - Shipping Expense - WEB SO : 3727","71"
"30","Interest Expense ","Cash Payment - Interest - For Overdraft","2055"
"30","Depreciation Expense","Non-Cash Expense - Depreciation","5000"
"30","Rental Expense","Cash Payment - Rental - Miami","1200"
"30","Rental Expense","Cash Payment - Rental - Los Angeles","1620"
"30","Rental Expense","Cash Payment - Rental - Chicago","2400"
"30","Rental Expense","Cash Payment - Rental - New York","4020"
"29","Salary Expense","Cash Payment - Salary Expense","21104"
"29","Shipping Expense","Cash Payment - Shipping Expense - WEB SO : 3545","171"
"29","Shipping Expense","Cash Payment - Shipping Expense - WEB SO : 3560","271"
"29","Interest Expense ","Cash Payment - Interest - For Overdraft","3082"
"29","Depreciation Expense","Non-Cash Expense - Depreciation","5000"
"29","Rental Expense","Cash Payment - Rental - Miami","1200"
"29","Rental Expense","Cash Payment - Rental - Los Angeles","1620"
"29","Rental Expense","Cash Payment - Rental - Chicago","2400"
"29","Rental Expense","Cash Payment - Rental - New York","4020"
"28","Salary Expense","Cash Payment - Salary Expense","21104"
"28","Shipping Expense","Cash Payment - Shipping Expense - WEB SO : 3247","20"
"28","Shipping Expense","Cash Payment - Shipping Expense - WEB SO : 3259","119"
"28","Shipping Expense","Cash Payment - Shipping Expense - WEB SO : 3404","186"
"28","Shipping Expense","Cash Payment - Move Stock ID: 3256","52829"
"28","Interest Expense ","Cash Payment - Interest - For Overdraft","2055"
"28","Depreciation Expense","Non-Cash Expense - Depreciation","5000"
"28","Rental Expense","Cash Payment - Rental - Miami","1200"
"28","Rental Expense","Cash Payment - Rental - Los Angeles","1620"
"28","Rental Expense","Cash Payment - Rental - Chicago","2400"
"28","Rental Expense","Cash Payment - Rental - New York","4020"
"27","Salary Expense","Cash Payment - Salary Expense","21086"
"27","Shipping Expense","Cash Payment - Shipping Expense - WEB SO : 3232","165"
"27","Shipping Expense","Cash Payment - Shipping Expense - WEB SO : 3241","113"
"27","Shipping Expense","Cash Payment - Shipping Expense - WEB SO : 3250","59"
"27","Interest Expense ","Cash Payment - Interest - For Overdraft","3082"
"27","Depreciation Expense","Non-Cash Expense - Depreciation","5000"
"27","Rental Expense","Cash Payment - Rental - Miami","1200"
"27","Rental Expense","Cash Payment - Rental - Los Angeles","1620"
"27","Rental Expense","Cash Payment - Rental - Chicago","2400"
"27","Rental Expense","Cash Payment - Rental - New York","4020"
"26","Salary Expense","Cash Payment - Salary Expense","21086"
"26","Interest Expense ","Cash Payment - Interest - For Overdraft","3082"
"26","Depreciation Expense","Non-Cash Expense - Depreciation","5000"
"26","Rental Expense","Cash Payment - Rental - Miami","1200"
"26","Rental Expense","Cash Payment - Rental - Los Angeles","1620"
"26","Rental Expense","Cash Payment - Rental - Chicago","2400"
"26","Rental Expense","Cash Payment - Rental - New York","4020"
"25","Human Resource Expense","Cash Payment - Staff Recruiting","15000"
"25","Human Resource Expense","Cash Payment - Staff Recruiting","15000"
"25","Salary Expense","Cash Payment - Salary Expense","21472"
"25","Shipping Expense","Cash Payment - Shipping Expense - WEB SO : 2922","19"
"25","Interest Expense ","Cash Payment - Interest - For Overdraft","3082"
"25","Depreciation Expense","Non-Cash Expense - Depreciation","5000"
"25","Rental Expense","Cash Payment - Rental - Miami","1200"
"25","Rental Expense","Cash Payment - Rental - Los Angeles","1620"
"25","Rental Expense","Cash Payment - Rental - Chicago","2400"
"25","Rental Expense","Cash Payment - Rental - New York","4020"
"24","Human Resource Expense","Cash Payment - Staff Recruiting","15000"
"24","Human Resource Expense","Counselled","2000"
"24","Human Resource Expense","Counselled","2000"
"24","Salary Expense","Cash Payment - Salary Expense","21140"
"24","Interest Expense ","Cash Payment - Interest - For Overdraft","3082"
"24","Depreciation Expense","Non-Cash Expense - Depreciation","5000"
"24","Rental Expense","Cash Payment - Rental - Miami","1200"
"24","Rental Expense","Cash Payment - Rental - Los Angeles","1620"
"24","Rental Expense","Cash Payment - Rental - Chicago","2400"
"24","Rental Expense","Cash Payment - Rental - New York","4020"
"23","Human Resource Expense","Counselled","2000"
"23","Human Resource Expense","Attended Training","15000"
"23","Salary Expense","Cash Payment - Salary Expense","20790"
"23","Shipping Expense","Cash Payment - Shipping Expense - WEB SO : 2457","300"
"23","Interest Expense ","Cash Payment - Interest - For Overdraft","4110"
"23","Depreciation Expense","Non-Cash Expense - Depreciation","5000"
"23","Rental Expense","Cash Payment - Rental - Miami","1200"
"23","Rental Expense","Cash Payment - Rental - Los Angeles","1620"
"23","Rental Expense","Cash Payment - Rental - Chicago","2400"
"23","Rental Expense","Cash Payment - Rental - New York","4020"
"22","Salary Expense","Cash Payment - Salary Expense","20790"
"22","Shipping Expense","Cash Payment - Shipping Expense - WEB SO : 2417","104"
"22","Shipping Expense","Cash Payment - Shipping Expense - WEB SO : 2432","217"
"22","Shipping Expense","Cash Payment - Shipping Expense - WEB SO : 2442","14"
"22","Interest Expense ","Cash Payment - Interest - For Overdraft","2825"
"22","Depreciation Expense","Non-Cash Expense - Depreciation","5000"
"22","Rental Expense","Cash Payment - Rental - Miami","1200"
"22","Rental Expense","Cash Payment - Rental - Los Angeles","1620"
"22","Rental Expense","Cash Payment - Rental - Chicago","2400"
"22","Rental Expense","Cash Payment - Rental - New York","4020"
"21","Salary Expense","Cash Payment - Salary Expense","20502"
"21","Shipping Expense","Cash Payment - Shipping Expense - WEB SO : 2131","71"
"21","Shipping Expense","Cash Payment - Shipping Expense - WEB SO : 2271","21"
"21","Shipping Expense","Cash Payment - Shipping Expense - WEB SO : 2285","136"
"21","Interest Expense ","Cash Payment - Interest - For Overdraft","2825"
"21","Depreciation Expense","Non-Cash Expense - Depreciation","5000"
"21","Rental Expense","Cash Payment - Rental - Miami","1200"
"21","Rental Expense","Cash Payment - Rental - Los Angeles","1620"
"21","Rental Expense","Cash Payment - Rental - Chicago","2400"
"21","Overflow Expense - Retail","Cash Payment - Overflow Fee  - New York","210"
"21","Rental Expense","Cash Payment - Rental - New York","4020"
"20","Salary Expense","Cash Payment - Salary Expense","19872"
"20","Shipping Expense","Cash Payment - Shipping Expense - WEB SO : 1817","122"
"20","Shipping Expense","Cash Payment - Shipping Expense - WEB SO : 1839","20"
"20","Shipping Expense","Cash Payment - Shipping Expense - WEB SO : 2115","206"
"20","Interest Expense ","Cash Payment - Interest - For Overdraft","2825"
"20","Depreciation Expense","Non-Cash Expense - Depreciation","5000"
"20","Rental Expense","Cash Payment - Rental - Miami","1200"
"20","Rental Expense","Cash Payment - Rental - Los Angeles","1620"
"20","Rental Expense","Cash Payment - Rental - Chicago","2400"
"20","Overflow Expense - Retail","Cash Payment - Overflow Fee  - New York","770"
"20","Rental Expense","Cash Payment - Rental - New York","4020"
"19","Salary Expense","Cash Payment - Salary Expense","19836"
"19","Shipping Expense","Cash Payment - Shipping Expense - WEB SO : 1117","156"
"19","Shipping Expense","Cash Payment - Shipping Expense - WEB SO : 1123","125"
"19","Shipping Expense","Cash Payment - Shipping Expense - WEB SO : 1131","19"
"19","Shipping Expense","Cash Payment - Shipping Expense - WEB SO : 1133","16"
"19","Interest Expense ","Cash Payment - Interest - For Overdraft","3596"
"19","Depreciation Expense","Non-Cash Expense - Depreciation","5000"
"19","Rental Expense","Cash Payment - Rental - Miami","1200"
"19","Rental Expense","Cash Payment - Rental - Los Angeles","1620"
"19","Rental Expense","Cash Payment - Rental - Chicago","2400"
"19","Rental Expense","Cash Payment - Rental - New York","4020"
"18","Salary Expense","Cash Payment - Salary Expense","19836"
"18","Shipping Expense","Cash Payment - Shipping Expense - WEB SO : 1274","156"
"18","Shipping Expense","Cash Payment - Shipping Expense - WEB SO : 1276","165"
"18","Shipping Expense","Cash Payment - Shipping Expense - WEB SO : 1379","202"
"18","Shipping Expense","Cash Payment - Shipping Expense - WEB SO : 1813","171"
"18","Interest Expense ","Cash Payment - Interest - For Overdraft","3596"
"18","Depreciation Expense","Non-Cash Expense - Depreciation","5000"
"18","Rental Expense","Cash Payment - Rental - Miami","1200"
"18","Rental Expense","Cash Payment - Rental - Los Angeles","1620"
"18","Rental Expense","Cash Payment - Rental - Chicago","2400"
"18","Rental Expense","Cash Payment - Rental - New York","4020"
"17","Salary Expense","Cash Payment - Salary Expense","19818"
"17","Shipping Expense","Cash Payment - Shipping Expense - WEB SO : 1381","18"
"17","Interest Expense ","Cash Payment - Interest - For Overdraft","3596"
"17","Depreciation Expense","Non-Cash Expense - Depreciation","5000"
"17","Rental Expense","Cash Payment - Rental - Miami","1200"
"17","Rental Expense","Cash Payment - Rental - Los Angeles","1620"
"17","Rental Expense","Cash Payment - Rental - Chicago","2400"
"17","Rental Expense","Cash Payment - Rental - New York","4020"
"16","Human Resource Expense","Attended Training","15000"
"16","Salary Expense","Cash Payment - Salary Expense","19818"
"16","Shipping Expense","Cash Payment - Shipping Expense - WEB SO : 1380","10"
"16","Interest Expense ","Cash Payment - Interest - For Overdraft","3596"
"16","Depreciation Expense","Non-Cash Expense - Depreciation","5000"
"16","Rental Expense","Cash Payment - Rental - Miami","1200"
"16","Rental Expense","Cash Payment - Rental - Los Angeles","1620"
"16","Rental Expense","Cash Payment - Rental - Chicago","2400"
"16","Rental Expense","Cash Payment - Rental - New York","4020"
"15","Human Resource Expense","Attended Training","15000"
"15","Salary Expense","Cash Payment - Salary Expense","19818"
"15","Depreciation Expense","Non-Cash Expense - Depreciation","5000"
"15","Rental Expense","Cash Payment - Rental - Miami","1200"
"15","Rental Expense","Cash Payment - Rental - Los Angeles","1620"
"15","Rental Expense","Cash Payment - Rental - Chicago","2400"
"15","Rental Expense","Cash Payment - Rental - New York","4020"
"14","Salary Expense","Cash Payment - Salary Expense","19818"
"14","Shipping Expense","Cash Payment - Shipping Expense - WEB SO : 1146","147"
"14","Shipping Expense","Cash Payment - Shipping Expense - WEB SO : 1147","110"
"14","Depreciation Expense","Non-Cash Expense - Depreciation","5000"
"14","Rental Expense","Cash Payment - Rental - Miami","1200"
"14","Rental Expense","Cash Payment - Rental - Los Angeles","1620"
"14","Rental Expense","Cash Payment - Rental - Chicago","2400"
"14","Rental Expense","Cash Payment - Rental - New York","4020"
"13","Salary Expense","Cash Payment - Salary Expense","19818"
"13","Interest Expense ","Cash Payment - Interest - For Overdraft","4013"
"13","Depreciation Expense","Non-Cash Expense - Depreciation","5000"
"13","Rental Expense","Cash Payment - Rental - Miami","1200"
"13","Rental Expense","Cash Payment - Rental - Los Angeles","1620"
"13","Rental Expense","Cash Payment - Rental - Chicago","2400"
"13","Rental Expense","Cash Payment - Rental - New York","4020"
"12","Human Resource Expense","Attended Training","15000"
"12","Human Resource Expense","Attended Training","15000"
"12","Salary Expense","Cash Payment - Salary Expense","19818"
"12","Shipping Expense","Cash Payment - Shipping Expense - WEB SO : 1004","108"
"12","Interest Expense ","Cash Payment - Interest - For Overdraft","4013"
"12","Depreciation Expense","Non-Cash Expense - Depreciation","5000"
"12","Rental Expense","Cash Payment - Rental - Miami","1200"
"12","Rental Expense","Cash Payment - Rental - Los Angeles","1620"
"12","Rental Expense","Cash Payment - Rental - Chicago","2400"
"12","Rental Expense","Cash Payment - Rental - New York","4020"
"11","Human Resource Expense","Counselled","2000"
"11","Human Resource Expense","Counselled","2000"
"11","Salary Expense","Cash Payment - Salary Expense","19530"
"11","Shipping Expense","Cash Payment - Shipping Expense - WEB SO : 886","155"
"11","Interest Expense ","Cash Payment - Interest - For Overdraft","1027"
"11","Depreciation Expense","Non-Cash Expense - Depreciation","5000"
"11","Rental Expense","Cash Payment - Rental - Miami","1200"
"11","Rental Expense","Cash Payment - Rental - Los Angeles","1620"
"11","Rental Expense","Cash Payment - Rental - Chicago","2400"
"11","Rental Expense","Cash Payment - Rental - New York","4020"
"10","Human Resource Expense","Cash Payment - Staff Recruiting - Production","30000"
"10","Salary Expense","Cash Payment - Salary Expense","18900"
"10","Interest Expense ","Cash Payment - Interest - For Overdraft","2055"
"10","Depreciation Expense","Non-Cash Expense - Depreciation","5000"
"10","Rental Expense","Cash Payment - Rental - Miami","1200"
"10","Rental Expense","Cash Payment - Rental - Los Angeles","1620"
"10","Rental Expense","Cash Payment - Rental - Chicago","2400"
"10","Rental Expense","Cash Payment - Rental - New York","4020"
"9","Human Resource Expense","Counselled","2000"
"9","Human Resource Expense","Counselled","2000"
"9","Salary Expense","Cash Payment - Salary Expense","18200"
"9","Rental Expense","Cash Payment - Rental - Miami","1200"
"9","Rental Expense","Cash Payment - Rental - Los Angeles","1620"
"9","Rental Expense","Cash Payment - Rental - Chicago","2400"
"9","Rental Expense","Cash Payment - Rental - New York","4020"
"8","Human Resource Expense","Cash Payment - Staff Recruiting","15000"
"8","Human Resource Expense","Counselled","2000"
"8","Salary Expense","Cash Payment - Salary Expense","18200"
"8","Shipping Expense","Cash Payment - Shipping Expense - WEB SO : 553","55"
"8","Shipping Expense","Cash Payment - Shipping Expense - WEB SO : 562","106"
"8","Shipping Expense","Cash Payment - Shipping Expense - WEB SO : 563","252"
"8","Interest Expense ","Cash Payment - Interest - For Overdraft","4110"
"8","Rental Expense","Cash Payment - Rental - Miami","1200"
"8","Rental Expense","Cash Payment - Rental - Los Angeles","1620"
"8","Rental Expense","Cash Payment - Rental - Chicago","2400"
"8","Rental Expense","Cash Payment - Rental - New York","4020"
"7","Salary Expense","Cash Payment - Salary Expense","18200"
"7","Shipping Expense","Cash Payment - Shipping Expense - WEB SO : 460","235"
"7","Interest Expense ","Cash Payment - Interest - For Overdraft","4110"
"7","Rental Expense","Cash Payment - Rental - Miami","1200"
"7","Rental Expense","Cash Payment - Rental - Los Angeles","1620"
"7","Rental Expense","Cash Payment - Rental - Chicago","2400"
"7","Rental Expense","Cash Payment - Rental - New York","4020"
"6","Salary Expense","Cash Payment - Salary Expense","18200"
"6","Shipping Expense","Cash Payment - Shipping Expense - WEB SO : 350","232"
"6","Interest Expense ","Cash Payment - Interest - For Overdraft","4110"
"6","Rental Expense","Cash Payment - Rental - Miami","1200"
"6","Rental Expense","Cash Payment - Rental - Los Angeles","1620"
"6","Rental Expense","Cash Payment - Rental - Chicago","2400"
"6","Rental Expense","Cash Payment - Rental - New York","4020"
"5","Salary Expense","Cash Payment - Salary Expense","18200"
"5","Interest Expense ","Cash Payment - Interest - For Overdraft","4110"
"5","Rental Expense","Cash Payment - Rental - Miami","1200"
"5","Rental Expense","Cash Payment - Rental - Los Angeles","1620"
"5","Rental Expense","Cash Payment - Rental - Chicago","2400"
"5","Rental Expense","Cash Payment - Rental - New York","4020"
"4","Salary Expense","Cash Payment - Salary Expense","18200"
"4","Interest Expense ","Cash Payment - Interest - For Overdraft","4110"
"4","Rental Expense","Cash Payment - Rental - Miami","1200"
"4","Rental Expense","Cash Payment - Rental - Los Angeles","1620"
"4","Rental Expense","Cash Payment - Rental - Chicago","2400"
"4","Rental Expense","Cash Payment - Rental - New York","4020"
"3","Salary Expense","Cash Payment - Salary Expense","18200"
"3","Interest Expense ","Cash Payment - Interest - For Overdraft","4110"
"3","Rental Expense","Cash Payment - Rental - Miami","1200"
"3","Rental Expense","Cash Payment - Rental - Los Angeles","1620"
"3","Rental Expense","Cash Payment - Rental - Chicago","2400"
"3","Rental Expense","Cash Payment - Rental - New York","4020"
"2","Human Resource Expense","Cash Payment - Staff Recruiting - Miami","60000"
"2","Human Resource Expense","Cash Payment - Staff Recruiting - Los Angeles","60000"
"2","Human Resource Expense","Cash Payment - Staff Recruiting - Chicago","60000"
"2","Human Resource Expense","Cash Payment - Staff Recruiting - New York","60000"
"2","Salary Expense","Cash Payment - Salary Expense","18200"
"2","Rental Expense","Cash Payment - Rental - Miami","1200"
"2","Rental Expense","Cash Payment - Rental - Los Angeles","1620"
"2","Rental Expense","Cash Payment - Rental - Chicago","2400"
"2","Rental Expense","Cash Payment - Rental - New York","4020"
"1","Salary Expense","Cash Payment - Salary Expense","12600"